lambda,fixed,Pb,Pd,Nc,N
18.9000000000,1,0.7711371667,0.1759720000,13.9792510458,30000000
17.7000000000,1,0.7560186000,0.1874672667,13.9563803338,30000000
14.1000000000,1,0.6961710333,0.2328640000,13.8534792413,30000000
12.9000000000,1,0.6692121000,0.2533390000,13.8031330120,30000000
16.5000000000,1,0.7388375667,0.2005599333,13.9278047445,30000000
15.3000000000,1,0.7190697000,0.2155928000,13.8943693624,30000000
11.7000000000,1,0.6370516000,0.2774241667,13.7382474269,30000000
10.5000000000,1,0.5983887667,0.3063202000,13.6529886520,30000000
9.2000000000,1,0.5462530667,0.3449699000,13.5240072912,30000000
0.1000000000,1,0.0000000000,0.0060617333,0.1292207588,30000000
7.9000000000,1,0.4797773333,0.3937261000,13.3316409720,30000000
6.6000000000,1,0.3927879667,0.4557185333,13.0189708311,30000000
5.3000000000,1,0.2796478333,0.5316272000,12.4541444764,30000000
4.0000000000,1,0.1412113000,0.6088259333,11.3032464791,30000000
2.7000000000,1,0.0259262000,0.6041976333,8.8768799912,30000000
1.4000000000,1,0.0001332333,0.3374825333,4.8224098961,30000000
19.0000000000,1,0.7722532333,0.1750987667,13.9819220931,30000000
17.8000000000,1,0.7573150000,0.1865606667,13.9576499164,30000000
16.6000000000,1,0.7403592333,0.1994108000,13.9309123229,30000000
15.4000000000,1,0.7207493000,0.2143957333,13.8963712522,30000000
14.2000000000,1,0.6981787333,0.2313571333,13.8577189738,30000000
13.0000000000,1,0.6715421000,0.2515006000,13.8077851277,30000000
11.8000000000,1,0.6398508667,0.2753564000,13.7442378083,30000000
10.6000000000,1,0.6016952667,0.3038559333,13.6606222662,30000000
9.3000000000,1,0.5507399000,0.3417328333,13.5358745595,30000000
0.2000000000,1,0.0000000000,0.0146012333,0.3156098966,30000000
8.0000000000,1,0.4855511667,0.3894774667,13.3502852847,30000000
6.7000000000,1,0.4005060000,0.4503673000,13.0497916670,30000000
5.4000000000,1,0.2893511000,0.5254219667,12.5145089486,30000000
4.1000000000,1,0.1520912667,0.6040372333,11.4263272167,30000000
2.8000000000,1,0.0316833000,0.6115023333,9.1233093559,30000000
1.5000000000,1,0.0002599667,0.3696149667,5.1949170209,30000000
15.3000000000,1,0.7190163000,0.2155878333,13.6238116141,30000000
14.1000000000,1,0.6961444667,0.2328831667,13.5813022699,30000000
16.5000000000,1,0.7388272667,0.2006113667,13.6576624417,30000000
18.9000000000,1,0.7710910333,0.1760355333,13.7111043654,30000000
17.7000000000,1,0.7559088000,0.1876052667,13.6867164597,30000000
12.9000000000,1,0.6691373000,0.2533571667,13.5291375789,30000000
11.7000000000,1,0.6369430000,0.2775179000,13.4625711392,30000000
10.5000000000,1,0.5982696333,0.3064534000,13.3739725757,30000000
0.1000000000,1,0.0000000000,0.0060621333,0.1095186134,30000000
9.2000000000,1,0.5462552000,0.3449779333,13.2422200117,30000000
7.9000000000,1,0.4797115667,0.3937053333,13.0433077548,30000000
6.6000000000,1,0.3927917000,0.4558161667,12.7194837984,30000000
5.3000000000,1,0.2795047667,0.5316934333,12.1314875814,30000000
4.0000000000,1,0.1412032667,0.6086154667,10.9195918131,30000000
2.7000000000,1,0.0258673667,0.6041642333,8.2986166785,30000000
1.4000000000,1,0.0001289000,0.3375526667,3.8260727870,30000000
17.8000000000,1,0.7572794000,0.1865491000,13.6889126370,30000000
19.0000000000,1,0.7721625000,0.1752416667,13.7126069268,30000000
16.6000000000,1,0.7403841333,0.1993735333,13.6603357798,30000000
14.2000000000,1,0.6982122000,0.2314154333,13.5859490196,30000000
15.4000000000,1,0.7208171667,0.2142358000,13.6265740267,30000000
13.0000000000,1,0.6715354333,0.2515307333,13.5339718999,30000000
11.8000000000,1,0.6399756000,0.2751943667,13.4686552103,30000000
10.6000000000,1,0.6017873333,0.3038898667,13.3820228908,30000000
9.3000000000,1,0.4884200667,0.3032602333,0.0000000000,30000000
0.2000000000,1,0.0000000000,0.0146086000,0.2405551699,30000000
8.0000000000,1,0.4853981667,0.3896706333,13.0623796818,30000000
6.7000000000,1,0.4005925667,0.4501298667,12.7515314721,30000000
5.4000000000,1,0.2892610667,0.5255879667,12.1923112227,30000000
4.1000000000,1,0.1523642667,0.6038327000,11.0531377047,30000000
2.8000000000,1,0.0316901667,0.6113881333,8.5714859306,30000000
1.5000000000,1,0.0002566333,0.3695068000,4.2122180497,30000000
17.9000000000,1,0.7586901667,0.1854482667,13.6911906163,30000000
19.1000000000,1,0.7734014667,0.1742398667,13.7147983470,30000000
15.5000000000,1,0.7225125333,0.2129544667,13.6291399504,30000000
16.7000000000,1,0.7419603667,0.1982567000,13.6631641638,30000000
14.3000000000,1,0.7003346667,0.2297937000,13.5892316560,30000000
13.1000000000,1,0.6740055333,0.2496925000,13.5395243167,30000000
11.9000000000,1,0.6428963333,0.2730267000,13.4741164621,30000000
10.7000000000,1,0.6053461333,0.3012113333,13.3915163189,30000000
9.4000000000,1,0.5550247000,0.3385242667,13.2657685684,30000000
8.1000000000,1,0.4911638333,0.3853252000,13.0797166684,30000000
6.8000000000,1,0.4079364667,0.4448527333,12.7821248232,30000000
0.3000000000,1,0.0000000000,0.4268873667,-nan,30000000
5.5000000000,1,0.2989708000,0.5193032000,12.2506374987,30000000
4.2000000000,1,0.1632733333,0.5985967000,11.1755359334,30000000
2.9000000000,1,0.0381392333,0.6172110667,8.8304788638,30000000
1.6000000000,1,0.0004746000,0.4005349000,4.6023733691,30000000
18.0000000000,1,0.7599361333,0.1844590000,13.6932259974,30000000
19.2000000000,1,0.7746123667,0.1733498333,13.7164368357,30000000
16.8000000000,1,0.7433149667,0.1971626333,13.6658558873,30000000
14.4000000000,1,0.7020937667,0.2283593667,13.5925276228,30000000
15.6000000000,1,0.7243413667,0.2115812667,13.6328758609,30000000
13.2000000000,1,0.6763560000,0.2478901000,13.5436491760,30000000
12.0000000000,1,0.6455586333,0.2709996667,13.4808645807,30000000
10.8000000000,1,0.6087722667,0.2986798667,13.3992015961,30000000
9.5000000000,1,0.5594298000,0.3351759000,13.2771403123,30000000
8.2000000000,1,0.4966641667,0.3813019333,13.0977423733,30000000
6.9000000000,1,0.4153061000,0.4397861667,12.8101469606,30000000
0.4000000000,1,0.0000000000,0.0407470667,0.5798017176,30000000
5.6000000000,1,0.3083248667,0.5132193333,12.3055045709,30000000
4.3000000000,1,0.1741988667,0.5933438333,11.2903929989,30000000
3.0000000000,1,0.0453383667,0.6213241667,9.0778092736,30000000
1.7000000000,1,0.0008344333,0.4291482333,4.9794476571,30000000
19.3000000000,1,0.7757288000,0.1724217333,13.7182311543,30000000
18.1000000000,1,0.7612489333,0.1834704667,13.6953231197,30000000
15.7000000000,1,0.7260144000,0.2102275667,13.6355257411,30000000
14.5000000000,1,0.7041446667,0.2269060667,13.5962932722,30000000
16.9000000000,1,0.7447815333,0.1961693000,13.6679619708,30000000
13.3000000000,1,0.6787170667,0.2460398000,13.5479025454,30000000
12.1000000000,1,0.6483411000,0.2690079333,13.4861479355,30000000
10.9000000000,1,0.6121414667,0.2961990333,13.4069429998,30000000
9.6000000000,1,0.5635548333,0.3323390333,13.2881944212,30000000
8.3000000000,1,0.5019754000,0.3775014667,13.1147569373,30000000
7.0000000000,1,0.4222009667,0.4350270667,12.8385749139,30000000
0.5000000000,1,0.0000000000,0.0590092333,0.7927761557,30000000
5.7000000000,1,0.3176169667,0.5068630667,12.3573307437,30000000
4.4000000000,1,0.1852911000,0.5873686000,11.3998127854,30000000
3.1000000000,1,0.0530965000,0.6246628000,9.3130483830,30000000
1.8000000000,1,0.0013953667,0.4557598000,5.3548889271,30000000
19.4000000000,1,0.7768355000,0.1715698000,13.7196735470,30000000
15.8000000000,1,0.7276601333,0.2090327667,13.6383172256,30000000
14.6000000000,1,0.7061622333,0.2252910667,13.5997162423,30000000
18.2000000000,1,0.7624114000,0.1826897000,13.6971236556,30000000
17.0000000000,1,0.7462806333,0.1948532333,13.6705768385,30000000
13.4000000000,1,0.6809653000,0.2443102333,13.5528588903,30000000
11.0000000000,1,0.6153528000,0.2937236667,13.4139532792,30000000
12.2000000000,1,0.6512054667,0.2667960333,13.4928369796,30000000
9.7000000000,1,0.5676299667,0.3292754333,13.2986028904,30000000
8.4000000000,1,0.5072244333,0.3736150333,13.1302031596,30000000
7.1000000000,1,0.4291514333,0.4300179000,12.8659499087,30000000
5.8000000000,1,0.3266730333,0.5008784333,12.4048248352,30000000
0.6000000000,1,0.0000000000,0.0810546000,1.0380667072,30000000
4.5000000000,1,0.1962039000,0.5815594333,11.5010017908,30000000
3.2000000000,1,0.0613153333,0.6263380000,9.5357122671,30000000
1.9000000000,1,0.0022010333,0.4805044000,5.7216535345,30000000
19.5000000000,1,0.7779545333,0.1707849667,13.7217724692,30000000
18.3000000000,1,0.7638166667,0.1814976000,13.6992256832,30000000
15.9000000000,1,0.7293117333,0.2077863000,13.6414082362,30000000
14.7000000000,1,0.7080339333,0.2239673333,13.6039461181,30000000
17.1000000000,1,0.7477106667,0.1937873000,13.6728508007,30000000
13.5000000000,1,0.6831155000,0.2427303000,13.5572347401,30000000
12.3000000000,1,0.6539263000,0.2647749000,13.4982502918,30000000
11.1000000000,1,0.6187313333,0.2912142333,13.4218111062,30000000
9.8000000000,1,0.5717428333,0.3261685000,13.3089096015,30000000
8.5000000000,1,0.5125931000,0.3698841667,13.1452806989,30000000
7.2000000000,1,0.4360865000,0.4251031000,12.8908166908,30000000
5.9000000000,1,0.3355712667,0.4950198333,12.4526720224,30000000
0.7000000000,1,0.0000001333,0.1065381333,1.3135166330,30000000
4.6000000000,1,0.2069872000,0.5756477667,11.5984214912,30000000
3.3000000000,1,0.0701111000,0.6268903333,9.7463910677,30000000
2.0000000000,1,0.0033381333,0.5031591333,6.0804536620,30000000
19.6000000000,1,0.7790938333,0.1699238000,13.7235997311,30000000
18.4000000000,1,0.7649300667,0.1806858333,13.7014820745,30000000
16.0000000000,1,0.7309319667,0.2065935333,13.6443970784,30000000
14.8000000000,1,0.7099800333,0.2224866333,13.6071567622,30000000
17.2000000000,1,0.7491787333,0.1926354000,13.6753764561,30000000
13.6000000000,1,0.6853945000,0.2411181667,13.5611131401,30000000
12.4000000000,1,0.6565175667,0.2628085667,13.5034250218,30000000
11.2000000000,1,0.6218278000,0.2889363333,13.4294453003,30000000
9.9000000000,1,0.5758594000,0.3231083667,13.3196980048,30000000
8.6000000000,1,0.5175684333,0.3662699000,13.1606291799,30000000
7.3000000000,1,0.4424012333,0.4205140333,12.9142038119,30000000
6.0000000000,1,0.3442853667,0.4890824333,12.4944672459,30000000
0.8000000000,1,0.0000001333,0.1352948000,1.6179974289,30000000
4.7000000000,1,0.2177462000,0.5697105000,11.6879884816,30000000
3.4000000000,1,0.0793235000,0.6265973667,9.9457710374,30000000
2.1000000000,1,0.0048389333,0.5232014333,6.4262566489,30000000
19.7000000000,1,0.7801117333,0.1691014333,13.7247856195,30000000
16.1000000000,1,0.7325832333,0.2052603667,13.6470151101,30000000
18.5000000000,1,0.7662493000,0.1797057667,13.7030960853,30000000
14.9000000000,1,0.7118160333,0.2211257667,13.6106755874,30000000
17.3000000000,1,0.7505282333,0.1916939000,13.6773924841,30000000
13.7000000000,1,0.6875801333,0.2394022333,13.5653035839,30000000
12.5000000000,1,0.6591765000,0.2608906667,13.5088700433,30000000
11.3000000000,1,0.6249510667,0.2865491667,13.4362962644,30000000
10.0000000000,1,0.5071510333,0.2800987333,0.0000000000,30000000
8.7000000000,1,0.5226561333,0.3623239000,13.1761305963,30000000
7.4000000000,1,0.4491432000,0.4157564667,12.9375857195,30000000
6.1000000000,1,0.3526371000,0.4833556667,12.5369609252,30000000
4.8000000000,1,0.2283216333,0.5633698333,11.7736919298,30000000
0.9000000000,1,0.0000006000,0.1668585333,1.9488674884,30000000
3.5000000000,1,0.0890140333,0.6251931333,10.1330154447,30000000
2.2000000000,1,0.0069144000,0.5415605000,6.7676007828,30000000
19.8000000000,1,0.7811886333,0.1683111667,13.7269652874,30000000
16.2000000000,1,0.7341146000,0.2041231333,13.6496474066,30000000
18.6000000000,1,0.7674408667,0.1787694333,13.7053397056,30000000
17.4000000000,1,0.7518738667,0.1906549000,13.6796681814,30000000
15.0000000000,1,0.7136607333,0.2195803333,13.6139669656,30000000
13.8000000000,1,0.6897724333,0.2377787667,13.5697535012,30000000
12.6000000000,1,0.6616867000,0.2589256000,13.5141484426,30000000
11.4000000000,1,0.6281806667,0.2841873000,13.4434269150,30000000
10.1000000000,1,0.5835292667,0.3173593667,13.3385679583,30000000
8.8000000000,1,0.5276622667,0.3586385667,13.1897342563,30000000
7.5000000000,1,0.4555009667,0.4111466333,12.9610821010,30000000
6.2000000000,1,0.3612400000,0.4775513667,12.5778015444,30000000
4.9000000000,1,0.2389942667,0.5569424667,11.8535847428,30000000
1.0000000000,1,0.0000023333,0.2001751667,2.2994467151,30000000
3.6000000000,1,0.0989757000,0.6232726000,10.3107556379,30000000
2.3000000000,1,0.0094006667,0.5580560333,7.0964961731,30000000
19.9000000000,1,0.7822509333,0.1674132333,13.7285309046,30000000
18.7000000000,1,0.7686222333,0.1778376333,13.7071101534,30000000
16.3000000000,1,0.7357465333,0.2029124667,13.6525991987,30000000
17.5000000000,1,0.7533239667,0.1895746000,13.6822824706,30000000
15.1000000000,1,0.7155339333,0.2182802000,13.6171711325,30000000
13.9000000000,1,0.6920083000,0.2360319333,13.5734182604,30000000
12.7000000000,1,0.6641007333,0.2571354333,13.5191699205,30000000
11.5000000000,1,0.6310164667,0.2819112667,13.4493886961,30000000
10.2000000000,1,0.5874016333,0.3146627333,13.3488206673,30000000
8.9000000000,1,0.5322721333,0.3554345333,13.2026008762,30000000
7.6000000000,1,0.4617635333,0.4067261000,12.9834622284,30000000
6.3000000000,1,0.3694343667,0.4719722667,12.6147166997,30000000
5.0000000000,1,0.2493159667,0.5507076333,11.9297108016,30000000
1.1000000000,1,0.0000089000,0.2343393000,2.6672954663,30000000
3.7000000000,1,0.1092390667,0.6204800000,10.4791095733,30000000
18.8000000000,1,0.7698796333,0.1769521000,13.7091758445,30000000
16.4000000000,1,0.7373474667,0.2016363667,13.6553813868,30000000
20.0000000000,1,0.7834335667,0.1666029333,13.7302487636,30000000
17.6000000000,1,0.7546710667,0.1885388667,13.6843926082,30000000
2.4000000000,1,0.0125937000,0.5724863667,7.4148172992,30000000
15.2000000000,1,0.7172834000,0.2169200667,13.6199359590,30000000
14.0000000000,1,0.6939605667,0.2346098000,13.5774242325,30000000
12.8000000000,1,0.6666287333,0.2551560000,13.5237097796,30000000
11.6000000000,1,0.6342895000,0.2796251000,13.4565365640,30000000
10.3000000000,1,0.5909400000,0.3119195000,13.3566833491,30000000
9.0000000000,1,0.5369576000,0.3519330667,13.2159687119,30000000
7.7000000000,1,0.4679056333,0.4022053333,13.0035774497,30000000
6.4000000000,1,0.3773872333,0.4662258333,12.6521403039,30000000
5.1000000000,1,0.2596515000,0.5443888000,12.0011175823,30000000
3.8000000000,1,0.1199250333,0.6170068000,10.6340301866,30000000
1.2000000000,1,0.0000243000,0.2689959000,3.0472721095,30000000
2.5000000000,1,0.0162856667,0.5845710000,7.7173442632,30000000
10.4000000000,1,0.5946986000,0.3091218667,13.3665562247,30000000
9.1000000000,1,0.5416900667,0.3483942000,13.2292061832,30000000
7.8000000000,1,0.4738523000,0.3979225000,13.0234320721,30000000
6.5000000000,1,0.3852892667,0.4608636000,12.6874770250,30000000
5.2000000000,1,0.2694299333,0.5381035333,12.0688579589,30000000
3.9000000000,1,0.1306000333,0.6130882000,10.7838001772,30000000
1.3000000000,1,0.0000621667,0.3035501000,3.4339469790,30000000
2.6000000000,1,0.0207563667,0.5952308667,8.0179190541,30000000
16.5000000000,1,0.7387966000,0.2005611667,13.6577918065,30000000
18.9000000000,1,0.7710917667,0.1759729333,13.7110290535,30000000
17.7000000000,1,0.7560164667,0.1874940000,13.6868152507,30000000
15.3000000000,1,0.7191205333,0.2155966000,13.6240262616,30000000
10.5000000000,1,0.5983916333,0.3063789667,13.3742834697,30000000
14.1000000000,1,0.6961661333,0.2328873333,13.5817106225,30000000
11.7000000000,1,0.6370240667,0.2774811667,13.4626150228,30000000
12.9000000000,1,0.6691358333,0.2532482333,13.5289941041,30000000
9.2000000000,1,0.5462183333,0.3451304000,13.2419926640,30000000
0.1000000000,1,0.0000000000,0.0060610333,0.1095521783,30000000
7.9000000000,1,0.4797943667,0.3937444333,13.0433830364,30000000
6.6000000000,1,0.3931930333,0.4554493667,12.7209090838,30000000
5.3000000000,1,0.2794488000,0.5318691667,12.1325842468,30000000
4.0000000000,1,0.1412988667,0.6084911000,10.9189315240,30000000
2.7000000000,1,0.0258626333,0.6042888000,8.2995496366,30000000
1.4000000000,1,0.0001304000,0.3377903333,3.8268165034,30000000
18.9000000000,0,0.7243805333,0.2227522667,13.6311439675,30000000
14.1000000000,0,0.6346139333,0.2943737333,13.4525926511,30000000
11.7000000000,0,0.5645448333,0.3499314667,13.2823854686,30000000
0.1000000000,0,0.0000000000,0.0254659333,0.1050706198,30000000
16.5000000000,0,0.6856065667,0.2537620667,13.5588303259,30000000
12.9000000000,0,0.6024219667,0.3199844667,13.3785676665,30000000
17.7000000000,0,0.7060858667,0.2374081667,13.5976882171,30000000
15.3000000000,0,0.6621218333,0.2725268000,13.5115486434,30000000
9.2000000000,0,0.4585128000,0.4329466667,12.9547989525,30000000
10.5000000000,0,0.5189967000,0.3859157333,13.1542848275,30000000
7.9000000000,0,0.3821739667,0.4913867000,12.6456389865,30000000
6.6000000000,0,0.2863971333,0.5620548000,12.1230689444,30000000
5.3000000000,0,0.1720980333,0.6392353667,11.1611189536,30000000
4.0000000000,0,0.0604824667,0.6896044333,9.2758266279,30000000
1.4000000000,0,0.0000070333,0.3882009000,2.4866884772,30000000
2.7000000000,0,0.0050195000,0.6282449333,6.0799937641,30000000
19.0000000000,0,0.7258322333,0.2215556333,13.6336143423,30000000
14.2000000000,0,0.6370265667,0.2926150000,13.4582436280,30000000
17.8000000000,0,0.7077822333,0.2360381667,13.6010498158,30000000
16.6000000000,0,0.6876011000,0.2521715333,13.5626876039,30000000
11.8000000000,0,0.5682015667,0.3470846333,13.2923638778,30000000
13.0000000000,0,0.6055345667,0.3176251667,13.3861584651,30000000
0.2000000000,0,0.0000000000,0.0518931667,0.2207898152,30000000
15.4000000000,0,0.6642223667,0.2708748333,13.5159054416,30000000
10.6000000000,0,0.5230544667,0.3825746333,13.1663995032,30000000
9.3000000000,0,0.4633111000,0.4291080667,-nan,30000000
8.0000000000,0,0.3884338000,0.4865304667,12.6724754483,30000000
5.4000000000,0,0.1812503000,0.6334888667,11.2588708321,30000000
6.7000000000,0,0.2945938000,0.5562053667,12.1751284218,30000000
4.1000000000,0,0.0673449333,0.6886291333,9.4615113272,30000000
1.5000000000,0,0.0000138333,0.4131338333,2.7384202165,30000000
2.8000000000,0,0.0066881000,0.6391251333,6.3620334843,30000000
19.1000000000,0,0.7271892000,0.2204614667,13.6359805806,30000000
17.9000000000,0,0.7093168667,0.2348149000,13.6037776769,30000000
14.3000000000,0,0.6396001333,0.2904492000,13.4640714537,30000000
16.7000000000,0,0.6891113000,0.2509730333,13.5655745365,30000000
15.5000000000,0,0.6663702000,0.2691725000,13.5200011232,30000000
11.9000000000,0,0.5714335667,0.3444986667,13.3008983578,30000000
13.1000000000,0,0.6084565333,0.3152784000,13.3928796618,30000000
0.3000000000,0,0.0000000000,0.0790465000,0.3473896565,30000000
10.7000000000,0,0.5269714333,0.3796066333,13.1775919051,30000000
9.4000000000,0,0.4683313000,0.4252798667,12.9900351315,30000000
8.1000000000,0,0.3951877333,0.4813250000,12.7024128389,30000000
6.8000000000,0,0.3025642333,0.5503506667,12.2257876122,30000000
5.5000000000,0,0.1906097333,0.6276345333,11.3543488572,30000000
4.2000000000,0,0.0753265667,0.6867683000,9.6503266102,30000000
1.6000000000,0,0.0000313333,0.4372415333,2.9998184608,30000000
2.9000000000,0,0.0086713333,0.6486324000,6.6374733509,30000000
19.2000000000,0,0.7286291667,0.2193086333,13.6384161177,30000000
18.0000000000,0,0.7108203000,0.2336031000,13.6066203019,30000000
14.4000000000,0,0.6419241000,0.2887015000,13.4689468116,30000000
16.8000000000,0,0.6910200333,0.2493990000,13.5693189913,30000000
15.6000000000,0,0.6682595333,0.2676607333,13.5239174266,30000000
12.0000000000,0,0.5748645667,0.3418620667,13.3094746079,30000000
13.2000000000,0,0.6111321000,0.3130786000,13.3990040853,30000000
0.4000000000,0,0.0000000000,0.1069708667,0.4857060979,30000000
10.8000000000,0,0.5311661667,0.3761462667,13.1902357063,30000000
9.5000000000,0,0.4732236667,0.4215549667,13.0071157412,30000000
8.2000000000,0,0.4011976333,0.4768627667,12.7292094703,30000000
6.9000000000,0,0.3105111000,0.5446085000,12.2729067781,30000000
5.6000000000,0,0.1997111333,0.6215713667,11.4436348575,30000000
4.3000000000,0,0.0831057000,0.6842553333,9.8243613650,30000000
1.7000000000,0,0.0000645000,0.4601801667,3.2638184274,30000000
3.0000000000,0,0.0111021333,0.6571039667,6.9121053823,30000000
19.3000000000,0,0.7300624000,0.2181611000,13.6408930423,30000000
18.1000000000,0,0.7125605667,0.2322222333,13.6097889336,30000000
16.9000000000,0,0.6927420333,0.2479539667,13.5726111192,30000000
14.5000000000,0,0.6442959667,0.2867717667,13.4740853413,30000000
15.7000000000,0,0.6703571667,0.2659683000,13.5285546260,30000000
12.1000000000,0,0.5779838333,0.3393230333,13.3180785344,30000000
13.3000000000,0,0.6138903667,0.3109888000,13.4058579862,30000000
10.9000000000,0,0.5349881333,0.3732309000,13.2013112650,30000000
9.6000000000,0,0.4782137000,0.4175137667,13.0235876576,30000000
0.5000000000,0,0.0000000000,0.1353571000,0.6353383940,30000000
8.3000000000,0,0.4072389333,0.4721849333,12.7552472664,30000000
7.0000000000,0,0.3182633333,0.5388291667,12.3163676868,30000000
5.7000000000,0,0.2089963000,0.6154757333,11.5294675384,30000000
4.4000000000,0,0.0915671667,0.6812468000,-nan,30000000
3.1000000000,0,0.0083099333,0.3954778333,0.0000000000,30000000
1.8000000000,0,0.0001163667,0.4818781333,3.5336339287,30000000
19.4000000000,0,0.7312761000,0.2171635333,13.6434320051,30000000
18.2000000000,0,0.7140751667,0.2309527333,13.6127529381,30000000
17.0000000000,0,0.6945345667,0.2466154667,13.5760531171,30000000
14.6000000000,0,0.6464126333,0.2850346333,13.4785145503,30000000
15.8000000000,0,0.6723102000,0.2643973333,13.5324840122,30000000
12.2000000000,0,0.5811096333,0.3368566667,13.3258478239,30000000
13.4000000000,0,0.6165881000,0.3088044000,13.4121249805,30000000
11.0000000000,0,0.5388494333,0.3702100667,13.2123932222,30000000
9.7000000000,0,0.4832324000,0.4137139333,13.0409919481,30000000
0.6000000000,0,0.0000000000,0.1643016333,0.7972593184,30000000
8.4000000000,0,0.4134937333,0.4674985000,12.7800517693,30000000
7.1000000000,0,0.3259936667,0.5331265667,12.3596285944,30000000
5.8000000000,0,0.2180862000,0.6094813333,11.6095500928,30000000
4.5000000000,0,0.0999825667,0.6778790000,10.1513124705,30000000
3.2000000000,0,0.0171686333,0.6713644000,7.4444462413,30000000
1.9000000000,0,0.0002035000,0.5028599000,3.8100187688,30000000
19.5000000000,0,0.7325485667,0.2161972333,13.6452090200,30000000
18.3000000000,0,0.7155967667,0.2297685667,13.6151562722,30000000
17.1000000000,0,0.6964351000,0.2450927667,13.5798177955,30000000
14.7000000000,0,0.6490684667,0.2829564667,13.4847378046,30000000
15.9000000000,0,0.6742562667,0.2628462333,13.5364705422,30000000
13.5000000000,0,0.6192888333,0.3065686333,13.4184430474,30000000
12.3000000000,0,0.5843849667,0.3342102333,13.3338305711,30000000
11.1000000000,0,0.5431594667,0.3667326333,13.2237199267,30000000
9.8000000000,0,0.4881562667,0.4099361667,13.0571578810,30000000
0.7000000000,0,0.0000000333,0.1931231333,0.9703542189,30000000
8.5000000000,0,0.4193921000,0.4629886667,12.8070738043,30000000
7.2000000000,0,0.3332484000,0.5279150667,12.4016975573,30000000
5.9000000000,0,0.2266053000,0.6037329667,11.6819208404,30000000
4.6000000000,0,0.1086860000,0.6740064000,10.3014834516,30000000
3.3000000000,0,0.0209015667,0.6768158000,7.6985559182,30000000
2.0000000000,0,0.0003498333,0.5223925667,4.0879919287,30000000
19.6000000000,0,0.7337416667,0.2151462667,13.6476200526,30000000
18.4000000000,0,0.7170364667,0.2286012000,13.6178444772,30000000
17.2000000000,0,0.6979240667,0.2439211000,13.5820622866,30000000
16.0000000000,0,0.6761919000,0.2612726667,13.5401667238,30000000
14.8000000000,0,0.6512738667,0.2812563000,13.4890834036,30000000
13.6000000000,0,0.6219808667,0.3045379333,13.4243233321,30000000
12.4000000000,0,0.5874940667,0.3318912000,13.3421852089,30000000
11.2000000000,0,0.5469130000,0.3638857000,13.2347423356,30000000
9.9000000000,0,0.4924665000,0.4065179667,13.0709008935,30000000
8.6000000000,0,0.4251430000,0.4586169000,12.8294319581,30000000
0.8000000000,0,0.0000000333,0.2221713000,1.1554629940,30000000
7.3000000000,0,0.3407995000,0.5223068333,12.4413364982,30000000
6.0000000000,0,0.2354905000,0.5978859667,11.7565385853,30000000
4.7000000000,0,0.1175528000,0.6697985333,10.4435511936,30000000
3.4000000000,0,0.0252516667,0.6810822000,7.9451774148,30000000
2.1000000000,0,0.0005436667,0.5408880667,4.3695546033,30000000
19.7000000000,0,0.7349935667,0.2141676667,13.6497547442,30000000
18.5000000000,0,0.7186934333,0.2272739333,13.6210626969,30000000
17.3000000000,0,0.6998159000,0.2423803000,13.5858733953,30000000
14.9000000000,0,0.6534365000,0.2794513000,13.4936340776,30000000
16.1000000000,0,0.6780550333,0.2597635000,13.5441924227,30000000
13.7000000000,0,0.6245016000,0.3024545667,13.4297173527,30000000
12.5000000000,0,0.5906056333,0.3293220000,13.3501674166,30000000
11.3000000000,0,0.5504391000,0.3610601000,13.2452249464,30000000
10.0000000000,0,0.4971701667,0.4028697333,13.0860023077,30000000
8.7000000000,0,0.4311387667,0.4539779000,12.8534541949,30000000
0.9000000000,0,0.0000001000,0.2510881000,1.3517966039,30000000
7.4000000000,0,0.3475693000,0.5172282667,12.4773004013,30000000
6.1000000000,0,0.2445796000,0.5913865667,11.8249435772,30000000
4.8000000000,0,0.1263728000,0.6651437667,10.5781182538,30000000
3.5000000000,0,0.0299541000,0.6846703000,8.1884253781,30000000
2.2000000000,0,0.0008482333,0.5583180667,4.6554027935,30000000
19.8000000000,0,0.7366259333,0.2128848000,13.6524167385,30000000
18.6000000000,0,0.7198910667,0.2263297333,13.6229285404,30000000
17.4000000000,0,0.7012137333,0.2412672333,13.5883758587,30000000
16.2000000000,0,0.6799533333,0.2582494000,13.5479610967,30000000
15.0000000000,0,0.6556458667,0.2776257333,13.4980988692,30000000
13.8000000000,0,0.6269863000,0.3005253667,13.4355410800,30000000
12.6000000000,0,0.5935967333,0.3270462000,13.3573629047,30000000
11.4000000000,0,0.5539570000,0.3582756667,13.2540307115,30000000
10.1000000000,0,0.5015580333,0.3993994000,13.1007535658,30000000
8.8000000000,0,0.4367633333,0.4496158667,12.8741805834,30000000
7.5000000000,0,0.3547993000,0.5117508667,12.5133913297,30000000
1.0000000000,0,0.0000002000,0.2796035000,1.5586553169,30000000
6.2000000000,0,0.2531432333,0.5855564667,11.8918941816,30000000
4.9000000000,0,0.1356189667,0.6603159667,10.7118556748,30000000
3.6000000000,0,0.0350550333,0.6873987333,8.4218587566,30000000
2.3000000000,0,0.0012841000,0.5743405333,4.9402648077,30000000
19.9000000000,0,0.7380693333,0.2117699000,13.6552291133,30000000
18.7000000000,0,0.7214320000,0.2250843667,13.6257288159,30000000
17.5000000000,0,0.7030965000,0.2397462000,13.5920091451,30000000
16.3000000000,0,0.6819264667,0.2567142000,13.5514093883,30000000
15.1000000000,0,0.6578141333,0.2759726667,13.5026361744,30000000
13.9000000000,0,0.6297007333,0.2984298000,13.4419282211,30000000
12.7000000000,0,0.5967084000,0.3245367333,13.3650314057,30000000
11.5000000000,0,0.5573546000,0.3556365333,13.2634310164,30000000
10.2000000000,0,0.5062447000,0.3957644667,13.1149888636,30000000
8.9000000000,0,0.4425639333,0.4452056000,12.8961455287,30000000
7.6000000000,0,0.3616893667,0.5066415000,12.5491744498,30000000
1.1000000000,0,0.0000004333,0.3079914000,1.7782000678,30000000
6.3000000000,0,0.2616682667,0.5796644667,11.9549572363,30000000
5.0000000000,0,0.1447738667,0.6552198667,10.8297425816,30000000
3.7000000000,0,0.0069834333,0.1185520667,0.0000000000,30000000
2.4000000000,0,0.0018764000,0.5894650333,5.2251247085,30000000
20.0000000000,0,0.7391397667,0.2108341000,13.6571297478,30000000
18.8000000000,0,0.7228728333,0.2239687333,13.6282902278,30000000
17.6000000000,0,0.7046942333,0.2385492000,13.5949350645,30000000
16.4000000000,0,0.6838317667,0.2551974333,13.5551658256,30000000
15.2000000000,0,0.6598337000,0.2743682333,13.5063934718,30000000
14.0000000000,0,0.6321017333,0.2965517333,13.4471403755,30000000
12.8000000000,0,0.5998934667,0.3220764667,13.3724341311,30000000
11.6000000000,0,0.5612501000,0.3525766000,13.2743589070,30000000
10.3000000000,0,0.5104236333,0.3924508000,13.1280220995,30000000
9.0000000000,0,0.4474910333,0.4414552333,12.9144764204,30000000
7.7000000000,0,0.3687017333,0.5014135667,12.5811752389,30000000
1.2000000000,0,0.0000010333,0.3350708667,2.0034859100,30000000
6.4000000000,0,0.2699133667,0.5737862000,12.0113408052,30000000
5.1000000000,0,0.1536464667,0.6501859333,10.9458510404,30000000
3.8000000000,0,0.0468351667,0.6901325000,8.8652125960,30000000
2.5000000000,0,0.0026913000,0.6037638000,5.5119096043,30000000
10.4000000000,0,0.5146770667,0.3891574000,13.1412906264,30000000
9.1000000000,0,0.4531607000,0.4370208667,12.9360566471,30000000
7.8000000000,0,0.3754616000,0.4964196667,12.6151031639,30000000
6.5000000000,0,0.2784581333,0.5677443333,12.0720825467,30000000
1.3000000000,0,0.0000026667,0.3623086000,2.2417928585,30000000
5.2000000000,0,0.1628985667,0.6448108000,11.0587886444,30000000
2.6000000000,0,0.0155238667,0.7980531667,-nan,30000000
3.9000000000,0,0.0535487000,0.6902692333,9.0774883696,30000000
